AccX_0,AccY_0,AccZ_0,GyroX_0,GyroY_0,GyroZ_0,AccX_1,AccY_1,AccZ_1,GyroX_1,GyroY_1,GyroZ_1,AccX_2,AccY_2,AccZ_2,GyroX_2,GyroY_2,GyroZ_2,AccX_3,AccY_3,AccZ_3,GyroX_3,GyroY_3,GyroZ_3,AccX_4,AccY_4,AccZ_4,GyroX_4,GyroY_4,GyroZ_4,AccX_5,AccY_5,AccZ_5,GyroX_5,GyroY_5,GyroZ_5,AccX_6,AccY_6,AccZ_6,GyroX_6,GyroY_6,GyroZ_6,AccX_7,AccY_7,AccZ_7,GyroX_7,GyroY_7,GyroZ_7,AccX_8,AccY_8,AccZ_8,GyroX_8,GyroY_8,GyroZ_8,AccX_9,AccY_9,AccZ_9,GyroX_9,GyroY_9,GyroZ_9,AccX_10,AccY_10,AccZ_10,GyroX_10,GyroY_10,GyroZ_10,AccX_11,AccY_11,AccZ_11,GyroX_11,GyroY_11,GyroZ_11,AccX_12,AccY_12,AccZ_12,GyroX_12,GyroY_12,GyroZ_12,AccX_13,AccY_13,AccZ_13,GyroX_13,GyroY_13,GyroZ_13,AccX_14,AccY_14,AccZ_14,GyroX_14,GyroY_14,GyroZ_14,AccX_15,AccY_15,AccZ_15,GyroX_15,GyroY_15,GyroZ_15,AccX_16,AccY_16,AccZ_16,GyroX_16,GyroY_16,GyroZ_16,AccX_17,AccY_17,AccZ_17,GyroX_17,GyroY_17,GyroZ_17,AccX_18,AccY_18,AccZ_18,GyroX_18,GyroY_18,GyroZ_18,AccX_19,AccY_19,AccZ_19,GyroX_19,GyroY_19,GyroZ_19,AccX_20,AccY_20,AccZ_20,GyroX_20,GyroY_20,GyroZ_20,AccX_21,AccY_21,AccZ_21,GyroX_21,GyroY_21,GyroZ_21,AccX_22,AccY_22,AccZ_22,GyroX_22,GyroY_22,GyroZ_22,AccX_23,AccY_23,AccZ_23,GyroX_23,GyroY_23,GyroZ_23,AccX_24,AccY_24,AccZ_24,GyroX_24,GyroY_24,GyroZ_24,AccX_25,AccY_25,AccZ_25,GyroX_25,GyroY_25,GyroZ_25,AccX_26,AccY_26,AccZ_26,GyroX_26,GyroY_26,GyroZ_26,AccX_27,AccY_27,AccZ_27,GyroX_27,GyroY_27,GyroZ_27,AccX_28,AccY_28,AccZ_28,GyroX_28,GyroY_28,GyroZ_28,AccX_29,AccY_29,AccZ_29,GyroX_29,GyroY_29,GyroZ_29,Label 
-21,4,-333,78,-716,-77,-24,-11,-301,373,-1306,68,-56,1,-272,227,-1605,29,-74,-5,-240,335,-1729,29,-97,-11,-220,399,-1833,-152,-128,-22,-187,313,-1827,162,-159,-23,-144,169,-1743,111,-200,-27,-114,162,-1458,68,-181,-21,-96,513,-1182,36,-211,-23,-95,281,-936,51,-227,-29,-57,43,-807,31,-224,-41,-41,-52,-552,115,-253,-45,-27,96,-272,56,-254,-28,-28,-155,-1,44,-239,-30,-24,72,196,54,-249,-34,-25,-205,571,29,-241,-20,-13,-303,1101,158,-211,-22,-54,-630,1522,139,-181,-27,-115,-376,1954,282,-135,-9,-123,-182,2166,-1,-155,13,-188,-199,2194,112,-95,-23,-207,-645,2179,-196,-37,36,-244,-635,1910,40,-24,17,-292,-225,1734,-16,11,24,-313,114,1234,4,-3,5,-316,126,775,-30,26,6,-293,157,462,-114,34,10,-283,-164,196,-72,20,10,-281,-186,28,-33,28,14,-270,-26,-19,39,UP
26,12,-260,-30,-27,11,21,14,-261,-58,-16,22,32,14,-292,-56,-134,-7,26,21,-305,23,-500,81,25,15,-295,-38,-835,-23,-20,16,-289,-175,-1156,-152,-28,28,-283,-47,-1353,-24,-36,22,-259,123,-1620,-182,-84,14,-237,259,-1773,-158,-85,14,-210,439,-1831,-183,-155,-2,-184,596,-1833,-61,-172,-25,-144,414,-1550,-181,-196,-37,-100,843,-1445,-51,-219,-31,-77,176,-1060,16,-223,-36,-77,-295,-755,36,-218,-31,-64,-213,-633,197,-244,-43,-47,-116,-399,62,-254,-40,-38,-185,-63,-17,-254,-30,-43,-122,158,63,-246,-25,-39,-161,455,145,-222,-22,-47,-169,862,132,-235,-25,-75,-180,1374,91,-192,-14,-83,-44,1843,143,-128,-2,-138,-248,1945,135,-198,-20,-191,-251,2258,-1,-16,12,-205,-665,2007,360,-56,19,-263,-545,1898,-243,-79,15,-281,59,1616,20,11,24,-297,284,1338,-200,-33,9,-308,253,782,153,UP
32,-2,-289,-36,511,-256,8,1,-286,-353,190,-94,24,10,-279,-70,77,-10,7,6,-270,-20,-15,38,20,9,-264,-40,-56,61,15,9,-263,-66,-66,15,11,12,-284,-49,-156,91,20,9,-306,-87,-469,68,1,12,-301,169,-1002,-39,4,7,-301,284,-1376,22,-34,8,-275,495,-1695,-29,-61,-13,-243,297,-1977,-3,-110,-5,-214,404,-2050,27,-133,-18,-184,607,-2004,132,-150,-40,-129,591,-1951,-122,-208,-41,-86,127,-1569,-67,-226,-32,-79,-170,-1145,78,-211,-38,-50,-263,-763,-13,-237,-48,-31,-67,-427,-122,-266,-46,-39,-40,-68,59,-248,-33,-33,-189,323,120,-232,-31,-53,-372,676,103,-236,-38,-34,-488,1072,101,-228,-10,-87,-541,1543,226,-195,-18,-126,-456,1876,279,-116,9,-143,-620,1769,314,-160,-4,-204,-96,2199,188,-42,23,-216,-759,1980,177,-73,36,-245,-126,1821,-150,-22,37,-287,-256,1590,248,UP
4,37,-288,333,1093,191,17,15,-297,353,806,13,4,13,-296,-10,442,98,37,17,-281,-108,203,-43,19,20,-277,-149,57,-14,20,19,-267,-28,-11,21,29,18,-270,-127,-62,41,23,17,-292,-96,-197,27,39,24,-323,-71,-695,-92,6,24,-321,178,-1352,3,-11,21,-291,19,-1791,11,-44,16,-260,376,-2060,-38,-66,5,-235,221,-2219,-135,-115,4,-179,298,-2258,62,-160,2,-145,381,-1848,-228,-196,-25,-92,295,-1478,-72,-194,-15,-103,90,-1158,-152,-228,-47,-53,801,-1102,-203,-242,-38,-36,158,-444,96,-232,-36,-33,-254,-8,94,-238,-32,-39,-264,178,75,-247,-25,-43,-235,502,123,-252,-26,-45,-544,1299,276,-187,-23,-60,-240,1999,185,-186,2,-124,105,2466,103,-78,-16,-166,-937,2630,273,-97,20,-207,-66,2380,-236,19,6,-303,-748,2026,-256,-49,24,-319,-111,1280,51,23,25,-291,-23,837,-69,UP
-7,14,-299,191,513,-57,16,1,-285,-98,310,16,16,14,-275,-46,143,11,13,12,-278,-33,43,6,11,12,-273,-46,-51,10,12,15,-282,-128,-199,17,28,21,-323,-72,-691,-64,1,30,-327,-166,-1415,-131,-10,14,-289,-469,-1951,-358,-75,22,-254,399,-2169,-111,-92,24,-209,777,-2194,-70,-113,-2,-164,956,-2135,-8,-179,-4,-129,662,-1875,109,-194,-11,-83,493,-1629,39,-199,-30,-74,182,-1234,-82,-255,-42,-59,-4,-921,-291,-255,-43,-22,59,-539,-137,-261,-43,-19,-55,-82,76,-250,-34,-46,-214,127,110,-247,-40,-47,-344,218,90,-244,-31,-21,-268,496,267,-232,-27,-29,-433,1136,216,-243,-15,-63,-706,1756,233,-207,13,-107,233,2104,395,-116,4,-151,-148,2346,206,-127,-7,-213,189,2176,-372,-72,-13,-250,-1004,1983,-90,-42,53,-259,-750,1600,-35,1,21,-299,-2,1432,-227,4,22,-301,204,928,166,UP
3,24,-293,210,646,-2,21,10,-278,255,366,11,23,11,-282,-160,196,-63,11,13,-277,32,78,17,24,11,-275,-49,-15,79,21,16,-294,-190,-240,105,39,20,-310,-177,-690,14,28,29,-317,-221,-1289,-127,-26,39,-293,-305,-1737,-210,-63,34,-256,6,-1961,-232,-72,16,-216,504,-1971,-178,-102,9,-189,497,-1890,65,-159,15,-160,503,-1925,30,-186,-2,-107,323,-1767,-10,-191,-9,-96,175,-1449,-75,-215,-13,-57,112,-1130,-10,-256,-17,-40,-204,-577,-103,-254,-30,-34,-251,-85,-48,-243,-22,-64,54,99,39,-247,-20,-56,-24,221,117,-233,-11,-49,-212,498,147,-229,-7,-59,-653,932,168,-216,-8,-64,-199,1358,207,-219,-7,-95,-173,1903,369,-143,27,-135,279,2262,369,-118,17,-207,-346,2427,-213,-55,35,-209,-387,2006,270,-47,13,-281,-288,1706,-152,-47,45,-288,61,1334,278,33,27,-290,70,1105,200,UP
-31,34,-296,454,742,102,57,10,-281,-29,474,-172,19,-3,-306,-150,-25,-8,23,38,-267,16,-32,71,27,17,-259,-15,-4,-64,10,12,-277,-134,-50,-54,36,18,-325,-45,-500,16,13,19,-325,-67,-1214,7,1,40,-298,1,-1782,-163,-45,28,-255,114,-2030,-79,-64,36,-222,263,-2104,-149,-112,5,-187,414,-2079,-147,-141,3,-163,443,-1956,-159,-198,-5,-114,504,-1660,-152,-204,-12,-82,244,-1320,67,-223,-20,-77,-116,-869,30,-232,-31,-55,-12,-409,11,-249,-31,-59,24,-65,34,-244,-24,-61,-47,269,83,-235,-16,-52,-276,523,166,-237,-21,-66,-669,1083,206,-210,-1,-74,-539,1533,262,-183,17,-127,181,1828,374,-150,0,-153,22,2249,213,-111,10,-196,126,2371,352,-64,17,-236,-431,2335,-114,-24,37,-300,-169,1835,281,43,28,-296,272,1209,-376,2,4,-317,20,774,-77,37,7,-294,-129,357,25,UP
9,6,-285,-184,123,21,40,29,-277,-123,-3,85,18,19,-272,-84,-31,-51,20,19,-304,-144,-264,-79,33,23,-317,-115,-809,-26,17,36,-324,-256,-1458,-23,-12,50,-297,84,-2055,-34,-52,26,-253,68,-2357,-318,-95,22,-197,488,-2396,-88,-145,6,-162,852,-2269,-100,-185,-16,-101,878,-1931,47,-206,-12,-75,-128,-1349,-29,-223,-15,-50,-877,-815,36,-233,-5,-84,-381,-428,-15,-248,0,-70,151,-393,-10,-253,-5,-62,153,-102,13,-243,-12,-41,167,190,80,-235,-12,-37,-85,545,182,-256,-4,-47,-509,1247,270,-192,-7,-78,-406,1893,553,-208,32,-126,-111,2124,80,-121,18,-201,185,2040,398,-114,46,-202,203,1842,372,-53,42,-247,166,1761,-144,-53,14,-264,50,1500,112,-27,45,-265,-177,1243,-177,-20,25,-277,-152,1062,-44,18,19,-296,161,653,-118,6,5,-292,-44,335,-3,9,16,-281,65,143,-21,UP
21,23,-277,-101,-28,-11,8,20,-285,-76,-172,-22,28,18,-297,-90,-526,-21,10,33,-297,-185,-908,-111,-19,41,-292,-69,-1209,-114,-45,26,-274,-239,-1459,-203,-61,36,-254,-14,-1816,-136,-94,33,-231,184,-2038,-315,-119,12,-180,578,-2163,-83,-170,22,-146,405,-1935,-111,-194,2,-83,166,-1611,13,-200,4,-88,89,-1150,-91,-228,-6,-79,5,-920,-100,-269,-17,-35,476,-655,-30,-258,-6,-17,192,39,140,-236,-3,-40,-361,429,121,-249,-6,-61,-310,666,160,-248,6,-57,-75,1024,251,-208,14,-87,-400,1471,239,-199,5,-143,-625,1865,170,-192,48,-141,125,1763,710,-70,52,-202,16,1920,131,-111,31,-222,226,1698,-114,-80,2,-222,455,1877,178,12,21,-262,141,1646,43,-44,9,-307,167,1242,-92,-10,1,-304,-213,749,11,28,10,-293,175,460,-18,26,7,-292,-142,109,-28,1,6,-278,45,-22,53,UP
27,8,-278,-190,-164,17,4,10,-304,-146,-410,8,9,9,-305,-363,-835,15,0,27,-305,-384,-1354,-132,-40,34,-282,-191,-1758,-111,-48,27,-244,-2,-2070,-215,-117,25,-207,106,-2168,-127,-140,18,-167,252,-2103,-97,-168,9,-127,374,-1889,16,-198,13,-102,284,-1607,-202,-227,10,-71,-210,-1150,10,-228,10,-83,-466,-764,-49,-252,-3,-27,-45,-723,-46,-266,11,-35,21,-154,56,-265,3,-25,183,193,75,-249,13,-19,-6,636,123,-250,4,-39,-244,1260,72,-251,17,-51,-88,1659,138,-170,37,-134,124,2055,292,-2,43,-259,95,71,-138,12,39,-256,122,27,-211,-10,31,-262,26,36,-8,-4,28,-256,169,30,30,-9,25,-262,-34,65,25,-4,27,-260,-104,57,-3,-6,24,-261,-84,64,-32,0,26,-257,11,59,15,-11,12,-235,-40,206,41,0,8,-199,-102,515,125,16,16,-210,-67,879,233,DOWN
35,24,-227,-203,1285,267,84,34,-250,-502,1466,488,127,49,-277,-222,1336,433,153,61,-266,-261,1189,178,163,58,-266,-355,1056,-17,176,62,-220,-494,627,94,186,72,-240,66,233,28,181,65,-245,129,-194,-20,172,58,-239,156,-379,38,165,52,-258,-19,-588,-94,180,58,-258,188,-1016,-103,139,59,-264,236,-1284,-303,116,45,-280,-38,-1518,-79,73,55,-270,347,-1743,-330,24,34,-241,2,-1674,-338,25,33,-228,237,-1701,-305,-48,27,-229,133,-1429,-266,-52,19,-197,165,-1228,-16,-105,21,-223,274,-712,-202,-115,3,-204,-14,-406,64,-110,7,-202,-81,-116,24,-125,1,-215,-65,93,137,-115,4,-196,-126,287,83,-103,7,-210,-130,544,112,-104,10,-235,-147,847,166,-60,24,-228,-265,936,320,-53,27,-266,-242,1118,181,-28,30,-223,-268,1165,352,-9,31,-238,-253,1416,236,43,51,-215,-391,1739,446,DOWN
98,56,-220,-550,2176,377,147,76,-229,-342,2139,358,183,86,-256,-421,2091,303,237,83,-226,-285,1544,219,222,94,-229,-80,825,216,255,57,-241,304,156,96,190,67,-202,-79,-67,-135,210,80,-178,6,-25,53,210,76,-193,252,-125,27,239,58,-223,159,-633,66,231,68,-250,-133,-1154,-62,226,86,-270,412,-1871,-48,176,75,-259,506,-2518,-115,117,36,-252,525,-2626,-349,77,54,-214,210,-2545,-276,4,27,-184,592,-2268,-230,-65,9,-189,205,-1563,-231,-93,1,-181,-259,-662,-113,-86,19,-205,-331,-73,-111,-109,15,-228,-255,82,-24,-109,21,-217,12,11,76,-111,15,-220,-63,260,38,-89,21,-221,-125,496,50,-78,27,-223,-75,701,271,-53,25,-222,-128,910,244,-53,29,-220,-408,1361,191,-12,26,-205,-534,1787,626,54,47,-216,-508,2422,454,110,69,-217,-852,2653,584,205,105,-234,-286,2472,611,DOWN
239,109,-219,-483,2053,168,250,123,-200,-290,1484,187,244,115,-204,194,867,-46,217,53,-199,-512,133,-98,224,90,-182,-78,-95,20,233,91,-150,214,-160,31,232,79,-160,82,-227,-25,245,86,-211,142,-543,-27,255,92,-242,110,-1394,-140,246,120,-262,861,-2060,-237,186,83,-256,862,-2605,-313,112,66,-235,954,-2573,-499,101,56,-208,305,-2371,-476,12,39,-209,263,-2092,-552,-30,22,-196,165,-1476,-177,-62,14,-209,188,-958,-127,-99,7,-214,11,-475,-119,-107,13,-216,-162,-129,-49,-105,11,-229,13,-10,75,-113,20,-227,-124,91,84,-109,10,-202,-60,189,82,-93,20,-212,-154,462,109,-73,17,-190,-318,970,448,-15,25,-192,-448,1551,493,-29,38,-200,-688,2144,214,70,73,-239,-856,2569,585,115,86,-191,-700,2420,503,167,117,-222,-792,2579,278,206,105,-215,-230,2216,517,236,107,-189,105,1611,414,DOWN
276,110,-177,12,996,389,266,89,-171,-65,475,189,244,73,-150,78,132,67,253,65,-158,3,26,-26,252,74,-141,71,-217,-9,255,65,-161,72,-427,-14,259,65,-187,102,-823,-130,276,97,-220,110,-1579,-123,247,107,-240,460,-2189,-164,215,84,-249,910,-2692,-238,147,83,-224,633,-2846,-322,83,54,-226,839,-2654,-574,15,48,-194,-75,-2363,-537,-26,2,-169,164,-1867,-459,-108,12,-183,-17,-859,-224,-101,5,-204,-180,-168,-183,-106,18,-230,-174,56,55,-111,6,-219,-65,1,42,-111,11,-213,-74,138,118,-101,3,-211,-96,560,134,-71,6,-181,-240,960,321,-56,17,-199,-230,1559,441,-11,44,-197,-454,1853,751,31,61,-232,-565,2368,667,101,58,-256,-530,2599,595,192,115,-210,-273,2479,591,210,75,-238,-621,2254,107,255,108,-207,-293,1669,218,239,92,-214,-290,1117,98,279,107,-201,112,384,8,DOWN
207,66,-203,-171,-78,-36,245,88,-167,89,-167,16,225,78,-159,210,-402,78,245,72,-184,225,-608,36,247,75,-230,-39,-1091,-353,259,105,-240,-200,-1864,-242,212,114,-245,513,-2426,-383,159,94,-254,799,-2747,-273,96,61,-225,681,-2597,-863,42,59,-206,567,-2399,-368,-16,24,-195,377,-2075,-529,-82,5,-176,42,-1301,-311,-91,12,-197,-45,-528,-348,-118,11,-202,-137,-113,-41,-110,13,-216,-169,47,8,-125,11,-209,-103,65,47,-124,10,-211,-93,297,85,-99,24,-215,-151,487,118,-91,24,-220,-198,694,166,-68,25,-200,-151,961,347,-79,24,-216,-394,1645,288,3,42,-220,-538,1994,858,57,58,-195,-489,2362,551,138,97,-232,-513,2374,491,142,83,-218,-596,2307,476,243,128,-228,-161,2290,330,248,119,-230,-206,1589,632,258,91,-210,56,699,261,240,65,-207,-54,163,276,227,73,-175,-2,76,-40,DOWN
233,68,-172,80,-115,3,241,74,-169,53,-449,35,252,66,-215,-71,-845,-348,254,92,-243,-104,-1522,-462,227,116,-257,198,-2023,-493,182,103,-257,468,-2498,-690,160,115,-243,894,-2594,-755,25,49,-211,761,-2540,-666,8,36,-165,272,-2194,-517,-65,13,-160,146,-1258,-375,-69,15,-192,-84,-522,-394,-85,25,-208,-465,-72,-155,-92,26,-235,-217,41,-76,-100,35,-224,-100,-12,166,-102,25,-225,-22,177,69,-88,36,-226,-110,331,131,-69,32,-210,-50,512,221,-65,45,-216,-171,718,418,-32,33,-185,-100,1181,652,-19,47,-193,-385,1764,694,63,78,-192,-688,2175,845,109,91,-217,-577,2334,873,172,98,-214,-360,2389,740,230,92,-228,25,1944,681,252,130,-219,-757,1805,102,274,109,-209,-481,991,312,319,100,-247,7,378,382,230,63,-191,-44,44,-191,244,92,-157,234,-145,-41,245,75,-181,376,-422,75,DOWN
239,74,-213,147,-824,-432,265,100,-233,-91,-1334,-309,217,107,-238,183,-1874,-429,190,107,-251,488,-2282,-614,115,80,-237,537,-2397,-1028,118,88,-206,220,-2413,-617,31,47,-188,482,-2069,-770,-49,32,-188,221,-1487,-387,-56,28,-198,56,-708,-322,-75,20,-195,-139,-297,-120,-87,54,-241,-75,-125,-16,-95,28,-224,81,-140,-6,-107,47,-234,36,11,2,-100,26,-221,-30,132,25,-77,36,-216,-72,322,62,-82,29,-208,-40,556,216,-56,34,-215,-122,922,256,-83,35,-212,-553,1519,299,33,40,-170,-646,2046,763,43,81,-211,-620,2518,463,191,108,-201,-613,2396,746,147,113,-188,-612,2254,535,253,124,-262,-210,1749,785,234,119,-223,-104,1168,412,271,106,-208,-152,717,147,246,82,-203,104,200,382,234,65,-183,198,-5,64,231,69,-151,63,-73,-30,233,73,-161,95,-101,-4,253,80,-201,137,-432,-38,DOWN
252,71,-248,-152,-941,-475,272,114,-246,-493,-1704,-503,215,143,-238,370,-2261,-725,160,97,-220,902,-2665,-763,107,90,-211,1047,-2597,-853,31,45,-156,937,-2259,-490,-11,26,-179,202,-1525,-457,-63,16,-179,15,-808,-318,-73,26,-216,-317,-505,-389,-90,26,-202,-200,-204,-88,-97,30,-239,26,-68,39,-97,24,-224,-21,121,12,-89,28,-235,22,180,58,-76,22,-229,-132,306,91,-65,31,-207,-111,526,267,-68,26,-215,-176,962,249,-6,31,-212,-627,1535,673,13,44,-199,21,2113,227,77,69,-243,-520,2081,810,93,54,-202,-7,2395,362,203,84,-217,-927,2166,402,234,104,-213,-353,1904,554,236,94,-208,-108,1542,125,258,71,-204,-118,1260,156,264,80,-186,7,634,147,274,65,-179,-128,145,75,237,45,-165,-94,13,-45,245,64,-148,109,-140,9,257,68,-165,282,-190,81,262,43,-191,132,-764,-57,DOWN
289,63,-209,-237,-1379,-153,245,84,-241,-81,-1945,-502,243,99,-234,269,-2576,-325,164,85,-242,625,-2730,-497,98,64,-233,872,-2825,-631,38,42,-192,496,-2600,-223,-30,14,-179,388,-2110,-416,-90,15,-173,41,-1336,-295,-107,-7,-181,46,-712,-110,-109,3,-192,-190,-112,-108,-133,1,-215,-108,136,-16,-114,13,-213,-111,207,92,-116,5,-232,-51,339,13,-106,17,-217,-205,470,99,-94,11,-216,-343,733,118,-78,15,-184,-300,1063,293,-35,20,-224,-591,1645,416,4,50,-183,-474,2042,854,59,67,-212,-299,2263,684,133,92,-206,-92,2561,472,176,91,-224,-762,2603,334,305,125,-188,-610,2077,521,222,87,-213,-582,1700,97,271,100,-205,-508,1393,25,252,91,-175,-159,652,140,270,79,-152,-23,51,121,257,78,-142,-19,-39,43,255,75,-131,59,-216,103,259,72,-148,122,-331,67,269,79,-183,159,-592,-75,DOWN
269,84,-195,-60,-1061,-179,278,108,-223,-107,-1432,-448,247,115,-210,-11,-2089,-588,207,124,-218,400,-2490,-662,122,84,-197,445,-2522,-950,63,80,-186,618,-2244,-963,32,103,-183,646,-1591,-438,-40,-9,-174,536,-638,-257,-31,24,-188,191,-309,-135,-16,49,-250,61,-76,-79,-37,37,-237,-273,57,21,-47,33,-266,24,79,123,-51,39,-258,19,-56,8,21,25,-271,72,-55,114,28,-1,-282,70,-107,327,23,-10,-271,-34,-166,660,17,-7,-266,-118,-119,1036,18,20,-256,-199,-35,1310,19,25,-255,41,2,1557,21,32,-239,-407,100,1678,47,88,-244,81,71,1656,40,82,-255,-531,234,1346,73,91,-263,123,119,1028,50,104,-259,-322,47,503,48,79,-251,121,4,249,51,90,-258,-2,-29,-21,66,102,-254,-79,-72,-537,62,111,-260,332,-167,-1028,54,91,-257,220,-149,-1493,57,69,-257,138,-103,-1826,RIGHT
40,50,-256,108,-163,-1917,21,29,-267,-496,-40,-1904,12,27,-263,-51,79,-1844,17,12,-275,-31,145,-1579,4,-3,-256,-519,137,-1183,4,25,-263,-101,91,-788,2,23,-261,-208,58,-425,1,34,-256,56,5,-189,0,45,-258,165,-5,-45,-2,48,-254,-160,24,28,-4,56,-257,50,25,43,-8,49,-255,-108,68,40,-3,55,-263,109,14,109,0,45,-257,-22,31,148,0,31,-261,146,28,350,10,15,-259,41,30,683,18,36,-267,64,47,888,6,12,-262,379,24,1213,18,-12,-260,217,38,1543,26,12,-258,-118,22,1913,38,5,-243,-62,119,2028,50,79,-272,-414,177,1867,31,39,-258,790,358,1728,67,65,-263,-822,469,1519,89,73,-259,-290,280,1227,87,91,-254,-266,104,735,89,96,-257,-704,-44,187,68,96,-254,-212,-80,-231,72,93,-250,389,-106,-612,86,102,-256,-313,-86,-1158,RIGHT
70,90,-262,544,-166,-1492,63,75,-260,145,-127,-1848,54,50,-257,432,-136,-1984,43,25,-252,-463,42,-2046,42,40,-255,-254,160,-2001,36,44,-273,-66,106,-1813,13,3,-257,-78,103,-1627,15,7,-270,867,-95,-1123,13,-13,-254,-534,-44,-632,9,18,-258,195,-36,-271,3,39,-263,-338,69,-83,8,36,-257,49,30,78,3,43,-259,-170,35,158,0,41,-260,19,23,234,2,29,-260,71,-5,362,15,18,-260,130,-51,701,24,14,-262,-228,-92,1001,13,11,-259,444,-211,1451,22,-2,-259,743,-174,1798,34,17,-265,-350,-105,2007,12,9,-257,816,27,2125,49,43,-261,-1060,131,2024,25,64,-253,-209,148,1783,58,86,-257,155,53,1521,41,67,-254,-680,138,1236,51,107,-260,-593,42,872,29,73,-246,-92,58,712,45,116,-255,62,78,258,38,90,-257,101,87,-131,27,110,-264,222,102,-468,RIGHT
70,125,-274,461,82,-1130,39,91,-261,400,-68,-1606,54,68,-252,324,-127,-1937,52,36,-251,141,-173,-2072,46,29,-256,-186,-253,-2143,18,0,-257,-127,-230,-1965,19,2,-251,-45,-111,-1705,17,3,-252,-545,-57,-1381,21,0,-265,-266,-4,-1075,13,9,-255,-191,17,-697,14,18,-269,-209,72,-352,11,8,-258,-139,77,-76,7,11,-264,-2,103,252,10,17,-256,-27,94,531,14,28,-261,-141,103,703,14,43,-269,-184,-58,917,22,0,-273,56,-186,1356,31,31,-270,-232,-153,1549,12,29,-257,-62,-161,1928,22,63,-256,-159,-169,1652,68,32,-243,-834,-228,1384,52,150,-260,501,-536,1684,-13,73,-237,-878,-213,1012,0,108,-230,-87,-84,1405,21,128,-267,0,60,838,-1,100,-252,-88,79,339,-6,102,-259,-230,-12,168,0,114,-262,41,-103,-37,8,117,-255,-101,-69,-320,2,108,-249,-178,-64,-599,RIGHT
0,143,-251,10,-29,-1157,-3,118,-246,-216,143,-1440,-20,109,-231,-482,213,-1868,29,90,-248,46,222,-1555,0,67,-247,-754,204,-1706,-28,56,-258,-271,303,-1927,2,55,-255,-108,317,-1300,-2,42,-255,-110,304,-762,3,56,-269,89,164,-454,-20,55,-258,-499,90,-339,-13,68,-258,6,18,-34,-17,70,-253,-89,44,36,-18,66,-247,2,59,161,-18,77,-253,56,42,308,-13,63,-252,56,20,509,0,61,-264,320,-19,866,11,40,-253,86,41,911,37,67,-270,589,-60,1328,20,30,-259,-371,-113,1748,54,133,-270,253,-449,1808,-2,58,-261,-232,-350,1657,32,93,-242,523,-407,1828,18,96,-251,-70,-236,1508,12,100,-258,-87,-111,1176,13,120,-253,-236,-132,841,2,112,-253,-214,-105,628,-1,126,-247,70,-46,311,-6,110,-251,-193,-28,107,3,126,-253,-7,-41,-83,-1,142,-250,-148,-30,-475,RIGHT
-11,130,-250,-182,38,-930,-3,156,-250,-260,112,-1475,-8,130,-259,-178,48,-1873,-4,138,-237,-223,195,-1965,-8,79,-237,-389,422,-2118,-8,81,-235,-547,538,-1905,35,60,-241,-124,444,-1545,7,96,-270,-363,452,-1234,-8,41,-264,-570,372,-826,4,59,-263,162,220,-446,3,72,-260,17,180,-213,-16,73,-253,-51,78,-44,-20,72,-248,-80,37,59,-13,80,-254,50,-26,108,-21,61,-253,54,-43,179,-1,73,-256,200,-133,623,-2,28,-259,358,-153,1063,25,54,-255,561,-166,1431,21,42,-271,81,-64,1385,24,39,-255,-278,-108,1741,65,84,-244,215,-279,1975,10,99,-245,74,-148,2040,28,118,-250,198,-35,1858,34,106,-254,-17,-53,1644,59,121,-254,-185,-174,1223,46,106,-251,-438,-175,787,24,123,-253,-588,-274,602,7,147,-250,-46,-186,436,-6,147,-247,260,-53,113,-2,140,-244,39,44,-435,RIGHT
3,137,-256,-14,46,-839,11,143,-254,-207,-33,-1232,22,128,-250,106,31,-1523,-4,106,-231,-62,369,-2277,0,105,-241,-16,342,-2060,52,128,-229,455,311,-1944,8,21,-234,-430,256,-1664,9,62,-266,170,238,-1476,-2,56,-286,-103,196,-1113,20,64,-272,190,41,-832,12,33,-263,267,-14,-727,-3,1,-251,-24,18,-450,2,26,-268,-710,145,-88,4,39,-255,-19,38,73,0,41,-256,-84,45,309,14,40,-257,-13,7,731,19,11,-258,-116,91,1080,41,39,-261,245,-18,1529,34,32,-264,50,48,1778,37,37,-237,-724,-40,2306,104,146,-265,788,-272,2515,23,113,-275,-171,-164,1984,9,82,-274,532,-46,1437,52,149,-265,508,-246,1386,15,95,-257,-557,-152,750,-8,63,-248,-72,-111,796,31,101,-250,-204,75,440,20,110,-256,-582,-58,375,13,128,-259,41,70,12,20,109,-256,128,40,-592,RIGHT
16,94,-258,-123,-3,-1096,4,108,-256,-502,147,-1728,32,109,-262,78,141,-1813,46,124,-268,803,12,-1805,24,86,-227,-709,344,-2541,31,24,-229,-591,297,-2326,27,83,-271,-405,433,-1793,26,34,-248,615,187,-1362,16,29,-263,273,265,-760,15,15,-269,-2,205,-604,26,47,-273,-732,138,-181,24,46,-259,337,-156,-133,20,63,-259,16,-37,80,6,58,-254,-48,6,213,-3,35,-257,-163,11,381,25,38,-258,-120,-68,608,9,45,-261,-150,-100,931,47,54,-259,-150,-177,1211,32,60,-263,38,-260,1377,38,74,-268,-143,-327,1558,49,70,-254,267,-491,2449,74,106,-252,440,-520,1756,25,69,-222,480,-190,1625,61,60,-223,-333,230,1153,-11,91,-242,-450,262,942,25,117,-280,512,42,1188,46,75,-260,175,-12,763,-6,76,-255,-555,-55,98,10,113,-260,-325,-80,169,27,121,-262,5,33,-228,RIGHT
23,94,-253,170,-47,-487,34,115,-276,-157,-59,-783,13,121,-257,287,-134,-1298,10,107,-260,84,20,-1494,62,90,-276,482,-134,-1660,27,26,-247,990,-282,-2181,0,30,-241,-232,-187,-1880,13,10,-246,-217,-154,-1775,4,14,-255,-301,-123,-1389,8,-18,-244,-273,-47,-1123,9,-28,-253,-581,88,-898,26,12,-282,-435,50,-546,17,15,-275,-235,-23,-298,11,8,-271,-120,49,-89,0,16,-267,18,80,105,2,18,-271,19,87,269,7,6,-268,139,66,500,1,1,-280,164,105,790,44,-21,-267,294,139,1168,34,-18,-271,56,161,1393,61,11,-253,-293,185,1734,30,54,-272,-206,53,2458,67,57,-259,-121,41,2657,69,65,-246,-514,102,2050,65,104,-250,-622,-80,1849,20,109,-242,-485,39,1382,27,126,-252,-1,58,921,1,120,-266,175,151,453,23,83,-230,-465,157,249,41,108,-254,-654,117,-180,RIGHT
37,136,-262,-166,31,-384,34,124,-252,168,30,-762,29,124,-253,183,54,-1103,30,123,-252,254,-30,-1289,10,90,-245,523,-114,-1707,15,65,-258,-27,58,-2100,20,94,-275,-186,39,-1869,46,64,-251,-648,32,-1755,44,34,-242,-229,152,-1910,14,86,-263,133,110,-1309,15,46,-242,445,-27,-1062,18,-18,-250,233,-45,-965,1,3,-261,-422,138,-738,-1,22,-275,-527,178,-495,11,45,-281,-318,108,-287,9,43,-273,-77,9,-114,0,37,-273,16,-22,97,7,41,-258,26,-36,221,-9,40,-258,178,-25,349,-3,29,-263,75,13,558,0,4,-263,21,30,890,39,39,-276,110,-16,1361,-7,18,-263,-51,91,1659,28,40,-258,-485,231,2137,46,72,-260,-111,-90,2130,49,84,-249,-37,-189,2295,69,75,-239,138,-73,1950,62,70,-252,-459,-136,1486,76,104,-250,-684,-11,1478,55,118,-246,-255,-50,1215,RIGHT
40,127,-231,-95,-97,670,29,120,-235,-358,98,154,28,147,-249,-904,94,-27,33,173,-250,291,-141,-138,-1,151,-243,296,33,-733,19,151,-242,-155,47,-990,33,168,-242,272,19,-1368,26,122,-242,363,7,-1761,27,101,-246,646,-106,-1654,29,65,-244,273,-35,-1919,18,49,-241,-338,83,-1604,42,46,-239,-329,77,-1242,33,19,-239,-170,139,-961,25,14,-262,-241,301,-495,52,55,-274,-305,218,-234,33,67,-288,-208,186,-45,21,74,-274,137,109,-65,8,71,-265,246,34,55,4,64,-255,-34,25,-10,10,75,-264,-248,-18,115,5,79,-257,9,7,68,22,46,-259,-9,22,26,19,51,-258,-111,27,23,22,64,-260,-132,8,-24,23,74,-265,-38,-20,-208,19,37,-258,478,-30,-158,26,37,-255,-473,-122,-172,40,149,-272,-1418,-173,-783,9,134,-254,1502,133,-1296,5,28,-230,1463,354,-1697,LEFT
30,5,-256,82,258,-1790,23,5,-233,-577,280,-1713,34,6,-248,-791,330,-1440,60,68,-313,-1668,56,-1286,38,19,-271,329,201,-872,45,4,-256,-991,-137,-281,34,61,-267,-544,-149,220,30,64,-250,194,-78,540,34,55,-258,-97,-86,767,39,50,-270,36,-206,1116,34,47,-264,187,-293,1425,47,59,-270,809,-253,1673,45,45,-255,35,-297,1647,21,33,-253,35,-189,1668,41,83,-257,-57,-242,1526,30,63,-254,758,-60,1296,31,34,-252,-89,13,1041,36,77,-264,-711,-34,795,36,82,-261,-126,45,405,39,63,-256,324,116,202,35,46,-261,-43,67,83,39,45,-263,-68,33,-10,31,43,-264,44,10,-53,41,58,-258,-308,-47,-207,35,79,-258,-140,-62,-431,41,88,-256,-89,1,-845,36,93,-254,60,134,-1254,32,67,-249,380,263,-1540,34,38,-254,114,358,-1669,48,43,-260,-575,470,-1772,LEFT
49,44,-269,-372,571,-1694,59,33,-266,164,521,-1427,66,32,-265,-233,250,-1080,59,50,-264,-222,56,-657,59,52,-266,-104,-52,-321,49,61,-264,207,-131,40,50,41,-255,-181,-229,298,33,65,-266,-11,-236,532,35,46,-251,121,-152,717,40,49,-259,-163,-180,911,41,41,-273,461,-183,1219,45,23,-270,413,-197,1527,41,35,-255,88,-309,1631,41,48,-268,360,-216,1727,21,49,-255,-514,-314,1453,37,61,-256,334,-108,1334,43,97,-260,-508,-179,965,24,64,-249,173,-29,587,38,62,-256,-62,21,467,39,71,-259,-301,22,235,29,55,-256,180,86,109,33,47,-259,-112,42,45,33,55,-267,94,9,11,38,37,-260,-112,-74,-75,25,54,-262,233,-14,-80,29,18,-257,154,13,-63,25,33,-266,-3,-18,-8,31,35,-256,-140,-26,16,33,81,-254,-814,-72,-252,50,149,-243,-985,129,-947,LEFT
34,139,-244,1185,401,-1601,36,45,-222,402,376,-1955,37,55,-256,-529,436,-2149,53,43,-279,164,613,-2207,73,6,-271,178,461,-1899,68,-19,-265,-638,133,-1330,73,11,-283,-316,-130,-390,57,16,-269,179,-296,470,53,1,-256,216,-276,1230,53,0,-273,42,-402,1758,46,28,-275,593,-372,2229,30,25,-247,-207,-391,2142,35,75,-260,491,-194,2112,34,63,-236,-395,-145,1573,46,91,-261,410,6,1266,38,89,-236,-1236,-64,728,31,91,-251,285,137,358,44,69,-254,535,209,192,49,84,-263,-852,-8,-253,61,150,-244,-1205,106,-1006,33,145,-248,1167,312,-1631,48,54,-251,1136,366,-2083,49,23,-259,-427,284,-2174,43,26,-255,-633,410,-2124,61,27,-266,-251,477,-1938,66,23,-265,-439,327,-1566,66,46,-273,-455,74,-1005,59,42,-273,566,-33,-370,44,18,-254,-132,-129,79,39,68,-260,-620,-179,280,LEFT
31,57,-261,848,-63,593,40,19,-258,344,-170,923,37,16,-267,-54,-229,1258,38,33,-272,349,-308,1492,32,26,-262,416,-182,1705,19,8,-248,-423,-186,1594,40,54,-273,454,-70,1697,28,50,-244,-309,-176,1292,37,45,-269,1460,100,1150,27,32,-239,-1571,-168,734,32,70,-265,24,75,342,27,42,-254,353,131,260,40,44,-261,-517,9,-42,31,65,-268,181,11,-246,50,71,-259,-282,-79,-666,35,95,-253,-166,23,-1151,29,69,-252,151,172,-1587,28,64,-252,0,317,-1816,31,9,-243,-159,383,-1904,44,19,-261,-359,419,-1758,56,23,-262,-576,345,-1516,67,41,-273,-560,206,-1232,48,34,-272,-262,51,-877,46,39,-258,161,-40,-350,33,58,-259,96,-73,-98,29,29,-253,-31,-25,117,34,53,-265,222,-98,494,52,16,-259,205,-191,927,42,-7,-268,437,-260,1514,55,37,-279,-234,-473,1733,LEFT
10,4,-256,1034,-197,1921,40,30,-261,586,-35,1952,13,43,-249,-622,-44,1392,17,26,-257,1636,214,1402,52,41,-246,-1203,48,989,18,60,-252,-1133,40,535,37,65,-257,441,175,492,36,38,-254,-556,74,252,40,64,-270,38,48,-10,34,62,-258,-32,-8,-282,41,70,-258,-141,-27,-651,42,90,-264,-234,-5,-1142,34,81,-254,223,117,-1573,38,70,-255,125,272,-1897,29,11,-235,421,409,-1982,54,1,-260,-226,527,-1945,66,6,-273,188,531,-1570,73,-12,-269,-998,185,-1294,64,48,-293,-152,-44,-708,53,29,-254,236,-130,-412,43,51,-254,-445,-197,-305,39,24,-273,605,8,3,41,0,-270,-121,-138,417,53,11,-269,65,-239,904,44,-5,-257,116,-263,1398,49,28,-270,52,-345,1619,26,2,-269,457,-205,1807,26,23,-265,124,-181,1785,27,36,-263,387,35,1595,33,32,-254,174,101,1314,LEFT
42,38,-259,-16,73,1119,39,44,-252,-537,-5,786,27,53,-256,-176,5,576,30,37,-255,39,114,392,39,57,-260,-419,22,95,38,61,-264,142,14,-204,36,58,-265,-25,-64,-485,28,63,-267,76,-33,-829,38,72,-258,-113,1,-1272,24,59,-256,385,139,-1641,31,22,-252,224,264,-1835,40,16,-262,-106,349,-1907,54,-10,-263,-180,360,-1748,62,9,-275,-473,262,-1490,59,17,-274,-347,69,-1149,61,10,-269,-64,-40,-663,43,29,-263,-508,-155,-327,32,43,-267,113,-22,-8,26,29,-252,-31,95,200,47,32,-271,396,75,534,46,9,-253,1,-134,892,40,25,-271,77,-200,1142,44,15,-270,533,-185,1394,43,21,-266,-356,-368,1471,32,10,-257,261,-261,1548,35,65,-268,-262,-378,1491,13,27,-243,236,-196,1353,26,45,-256,135,-167,1306,14,55,-250,-440,-126,1049,18,51,-252,-69,91,727,LEFT
22,80,-262,-310,94,522,23,65,-256,14,113,219,29,67,-263,-148,33,-101,22,71,-269,162,18,-360,14,56,-263,97,0,-555,21,75,-263,-109,24,-895,20,67,-260,325,109,-1219,24,48,-255,140,82,-1487,22,39,-253,-43,158,-1689,26,19,-256,-94,251,-1781,31,3,-254,-195,287,-1646,45,25,-265,-362,293,-1449,37,9,-262,-645,210,-1281,37,6,-276,-179,161,-801,42,14,-265,-654,-84,-315,36,58,-264,-151,-105,14,27,38,-260,346,-74,345,28,39,-256,-255,-127,542,30,32,-270,640,-87,910,28,18,-256,-371,-246,1123,33,50,-261,-62,-317,1313,19,40,-264,537,-216,1445,21,33,-254,80,-195,1444,28,58,-266,342,-120,1421,13,28,-248,-339,-76,1230,20,61,-256,-70,-38,1107,24,66,-268,206,47,907,27,65,-257,-501,3,524,29,67,-256,59,91,375,33,64,-263,-89,31,230,LEFT
36,63,-261,-99,12,-10,31,67,-262,98,3,-183,35,70,-257,-94,-24,-418,25,76,-259,259,38,-719,33,74,-266,131,19,-1061,25,62,-268,154,14,-1312,21,45,-253,154,16,-1421,21,19,-250,111,97,-1457,29,24,-265,-136,139,-1486,23,14,-248,-497,198,-1421,33,43,-266,-253,300,-1260,34,5,-259,-139,194,-982,35,23,-267,-500,15,-622,33,29,-266,-154,-66,-208,23,44,-268,-161,-124,91,16,31,-260,188,-110,362,16,38,-266,39,-126,561,12,22,-266,524,-91,835,27,33,-267,138,-162,983,4,16,-255,-223,-213,1094,16,31,-262,763,-150,1323,17,36,-255,-740,-264,1177,1,34,-258,860,-55,1345,25,31,-265,122,23,1365,17,50,-260,-249,72,1144,16,5,-244,172,226,1110,31,62,-266,-317,108,1084,47,53,-259,-312,108,662,34,70,-264,-88,49,527,44,88,-267,-345,-40,89,LEFT
22,76,-261,280,20,-255,35,75,-260,-201,-41,-617,18,84,-266,231,-28,-945,25,63,-256,2,-45,-1273,22,66,-261,328,55,-1545,17,29,-255,3,108,-1640,23,32,-253,-1038,186,-1775,31,30,-255,-419,319,-1599,31,37,-270,-649,261,-1300,32,61,-268,-186,218,-1071,30,59,-258,-121,170,-919,25,35,-262,-49,94,-596,20,39,-258,56,36,-203,18,57,-260,73,-42,64,13,37,-254,23,-66,321,19,41,-266,400,-102,667,10,6,-257,137,-163,1094,22,13,-259,35,-111,1394,21,20,-265,391,-76,1631,22,33,-266,775,-96,1732,18,27,-267,-128,-167,1515,9,28,-257,1157,48,1575,28,22,-245,-755,-59,1354,43,85,-258,-447,-40,1007,34,61,-259,967,231,763,48,22,-243,-677,113,419,49,47,-265,7,206,292,47,30,-264,-171,141,271,41,31,-255,-730,106,102,30,32,-269,-254,-29,73,TILT_R
35,32,-258,-703,-106,70,26,45,-273,-2057,-34,3,-130,64,-258,-2628,110,-92,47,187,-256,-1412,-197,23,45,184,-213,-1753,-118,0,4,193,-166,-1874,179,-198,-6,227,-150,-1465,375,-165,9,244,-135,-1676,439,170,31,254,-102,-1721,480,-21,23,257,-73,-1523,523,14,30,282,-55,-1034,313,153,51,276,-27,-655,238,85,41,282,-24,-470,167,94,38,280,-13,-210,58,75,41,281,-15,-47,-29,112,50,287,-13,199,-87,78,40,283,-20,295,-70,0,38,280,-35,650,-250,63,37,296,-36,973,-260,-153,39,263,-55,1124,-278,22,29,278,-102,1832,-393,-131,42,242,-121,2161,-595,-11,25,230,-167,2929,-671,148,9,155,-202,3111,-470,-351,-6,100,-232,1793,-170,-29,-5,91,-239,1766,193,-679,15,64,-266,755,115,0,6,37,-258,1012,23,175,5,42,-259,30,120,-134,-8,12,-264,-189,119,-9,TILT_R
3,25,-264,-214,27,-84,11,18,-265,33,26,-15,9,22,-264,-97,38,-6,0,30,-258,-229,9,-38,-1,29,-258,-424,-21,45,5,52,-262,-921,8,12,13,71,-256,-1205,-13,61,5,74,-257,-1239,37,102,1,123,-231,-2227,198,151,15,151,-202,-2220,234,47,42,208,-208,-1742,146,150,40,230,-173,-2227,340,-161,6,264,-156,-1750,322,24,27,275,-112,-1463,367,22,25,280,-74,-1532,423,151,39,272,-52,-1147,382,144,46,290,-18,-512,215,130,40,273,-20,-63,52,63,43,284,-22,122,-40,82,37,281,-20,394,-131,45,33,278,-34,875,-329,60,40,283,-72,1368,-443,-36,27,259,-86,1745,-580,-127,23,244,-127,1992,-553,-5,21,233,-150,2110,-558,11,22,211,-190,2327,-361,-113,27,142,-196,2893,-402,261,9,110,-250,2573,-167,-324,1,63,-256,1518,-165,126,-5,40,-252,740,-34,-182,TILT_R
-6,15,-265,356,93,-181,-12,18,-264,165,72,-18,3,0,-269,108,39,31,-5,7,-261,-181,51,-17,0,13,-262,-162,4,-20,0,14,-258,-103,10,18,1,14,-259,-275,48,30,3,22,-257,-817,115,58,-6,42,-261,-1521,195,-72,-2,74,-253,-1904,258,-63,7,113,-247,-1802,287,-30,13,148,-218,-2141,379,-53,9,181,-200,-2029,398,-54,31,221,-178,-1746,386,-33,25,233,-147,-1798,444,-87,35,261,-111,-1970,498,107,33,270,-71,-1804,629,77,53,295,-40,-923,363,199,53,281,-26,-515,208,134,51,287,-19,-147,90,-2,49,272,-21,-9,20,-6,42,288,-29,446,-163,-32,51,282,-29,546,-245,-38,46,280,-60,1195,-475,-76,42,261,-70,1203,-441,-216,38,262,-95,1615,-602,-67,30,245,-151,3000,-987,126,0,215,-166,2606,-770,153,25,159,-203,2043,-477,87,-4,171,-222,1688,-262,-27,TILT_R
-6,108,-241,1091,-119,-165,4,93,-246,2306,-96,10,-2,43,-250,698,115,-414,2,19,-262,381,139,-265,2,22,-265,204,66,-277,-5,12,-265,157,34,32,-7,10,-267,117,75,-45,1,10,-267,-12,-18,47,0,9,-261,-42,10,0,-1,12,-262,-217,17,70,0,19,-255,-526,24,169,3,29,-268,-1237,90,121,5,59,-257,-2005,202,42,2,115,-236,-2497,317,-56,5,153,-214,-2581,430,-88,20,208,-173,-2600,462,-65,32,242,-153,-2016,457,48,35,254,-104,-2221,610,-140,6,281,-78,-1546,490,-37,46,270,-63,-1313,477,-26,29,286,-49,-453,237,-21,38,273,-38,-151,103,-38,35,276,-38,21,-2,1,36,283,-45,357,-173,36,35,284,-47,784,-308,-9,34,280,-81,1535,-604,57,36,265,-101,2540,-918,134,7,231,-138,2512,-760,76,6,179,-203,2973,-540,-157,1,177,-211,3111,-480,119,TILT_R
-4,53,-251,2142,-200,-182,21,112,-270,1491,-61,129,26,36,-264,717,97,-178,-20,3,-252,611,78,10,0,-5,-260,289,22,-3,-19,-1,-267,-97,33,6,-2,-3,-268,-7,-22,83,-4,-2,-264,-32,-30,93,-6,-6,-260,-229,-15,88,-7,2,-258,-350,13,94,3,10,-263,-800,7,126,0,31,-256,-1632,96,43,-9,69,-234,-2752,277,32,6,143,-241,-2243,323,19,6,160,-205,-2363,448,-80,15,191,-174,-2249,519,-239,27,226,-114,-2438,689,-51,18,270,-132,-2141,600,-15,19,296,-52,-2346,745,86,17,296,-14,-1155,436,69,33,281,-19,-508,286,22,40,280,-7,-54,64,75,42,283,-8,0,3,26,48,280,-5,130,-38,53,36,287,-10,383,-170,9,37,292,-36,1155,-525,-40,31,292,-56,1971,-699,-216,36,265,-84,2848,-806,-1,12,214,-138,2183,-585,20,8,214,-165,2630,-552,230,TILT_R
-2,129,-215,3028,-466,-5,-6,135,-230,3230,-248,-374,-16,1,-240,1354,139,-322,5,5,-274,1132,164,-165,-12,13,-260,465,101,13,-3,-19,-271,281,85,-52,-1,-11,-265,-44,47,-5,2,-12,-268,-44,-15,24,0,-9,-260,-110,-7,4,5,-4,-261,-241,15,-14,4,0,-260,-401,1,-18,0,5,-259,-847,34,27,-10,49,-258,-2046,150,58,9,73,-256,-2388,145,80,4,142,-217,-3350,370,15,22,201,-185,-3577,676,-94,19,242,-146,-2754,733,-273,50,261,-98,-2588,701,-94,29,288,-48,-1274,335,83,58,294,-36,-478,158,74,39,276,-24,-185,111,-4,35,274,-28,220,-103,94,35,280,-27,294,-121,41,34,278,-34,255,-117,44,34,286,-53,642,-255,32,38,279,-62,956,-391,16,39,277,-85,1658,-631,89,26,252,-120,2279,-754,154,25,234,-169,3156,-907,78,8,166,-185,3053,-702,188,TILT_R
9,168,-210,2259,-281,-125,21,64,-247,2232,-120,-85,0,29,-248,911,29,71,-15,20,-262,763,41,-177,-3,11,-258,336,116,-101,-9,1,-261,77,97,-90,-2,-3,-270,-89,24,-27,2,4,-263,-42,-6,20,7,2,-267,-84,-5,25,-2,3,-258,-95,-12,20,1,1,-255,-389,41,4,-1,10,-260,-743,77,20,5,41,-252,-1215,127,30,2,62,-259,-1699,200,-2,27,113,-250,-2185,210,102,8,143,-214,-3127,447,3,11,208,-188,-3050,711,-165,36,245,-130,-2492,749,-267,11,276,-107,-1222,330,145,41,245,-75,-1496,598,53,11,283,-59,-1459,637,119,44,304,-13,-574,65,475,74,286,-51,-93,200,-7,27,281,-42,-69,71,-69,67,281,-34,534,-221,83,58,275,-43,512,-265,32,51,264,-63,996,-503,120,68,276,-93,1836,-801,152,75,250,-118,2409,-968,186,25,236,-172,2518,-989,272,TILT_R
40,168,-192,2822,-866,-107,3,117,-230,2664,-782,-58,-17,92,-262,1866,-513,145,-13,53,-233,390,115,-340,-1,61,-262,370,28,178,-4,34,-260,232,103,-216,-3,29,-254,-679,119,-33,-8,41,-266,228,-36,42,6,62,-263,-12,12,-125,25,41,-247,169,-10,112,-9,37,-250,-261,57,141,-6,22,-246,-542,81,-100,-10,60,-253,-1336,236,-173,-7,93,-245,-1652,403,-50,15,132,-227,-1745,520,-233,21,158,-238,-2109,499,-221,23,198,-186,-2554,541,-249,53,242,-159,-1560,380,-178,51,253,-149,-1055,153,3,38,275,-149,-1801,372,130,23,260,-88,-1381,479,-118,31,272,-79,-205,64,-3,41,261,-69,142,-97,50,43,257,-67,-137,73,93,43,277,-70,-144,7,81,45,275,-70,-18,-43,36,44,277,-80,264,-166,87,54,279,-83,505,-186,94,27,274,-104,1055,-483,199,28,284,-115,1648,-493,147,TILT_R
61,233,-146,2819,-847,149,36,205,-188,3090,-816,154,31,140,-223,2373,-440,-190,-17,91,-230,2213,-360,150,1,40,-267,1625,-116,-252,0,35,-260,625,14,333,5,30,-271,877,20,-223,0,5,-264,-54,122,3,1,3,-265,-91,34,63,6,13,-260,-223,63,-35,2,13,-263,19,21,5,1,11,-260,-44,39,15,4,9,-262,-357,58,-34,0,22,-265,-588,62,3,4,37,-260,-898,107,-20,5,54,-258,-935,114,-127,18,81,-253,-1639,264,42,32,125,-245,-2708,507,-11,-1,175,-198,-3075,777,-34,41,191,-160,-2073,601,-317,53,254,-140,-1544,522,-193,41,240,-107,-1171,510,-233,36,264,-110,-721,356,-126,42,266,-77,-932,454,-198,38,277,-85,-163,93,62,49,269,-76,226,-141,78,41,266,-78,224,-95,73,52,269,-84,335,-162,74,38,271,-87,522,-245,212,37,259,-98,806,-296,115,TILT_R
53,267,-136,2044,-694,281,32,215,-161,2367,-777,233,28,210,-172,1811,-422,259,19,149,-203,2685,-573,12,29,125,-256,2302,-536,281,23,67,-245,2100,-375,4,-8,53,-259,1506,-62,-260,-23,-1,-268,823,77,-194,22,-5,-265,414,69,-104,-6,-22,-262,193,44,74,6,-22,-261,-63,49,25,4,-22,-260,-65,7,52,11,-19,-262,-32,-28,49,1,-23,-258,-194,22,-14,5,-13,-260,-453,57,2,7,1,-263,-1052,78,-58,13,17,-254,-1586,99,-134,8,89,-249,-1957,107,247,-11,102,-258,-2116,310,-1,30,183,-219,-2757,429,14,30,195,-182,-2528,544,-304,28,228,-160,-2224,495,-358,53,248,-125,-2748,775,-146,7,271,-76,-1309,482,-78,46,265,-85,-469,232,103,42,269,-60,-323,194,126,47,271,-61,-47,-42,138,27,273,-67,67,-21,52,56,272,-58,126,-64,103,51,272,-58,43,5,65,TILT_R
40,277,-63,89,-57,126,52,272,-64,808,-385,150,54,255,-124,2574,-1108,241,51,191,-176,3159,-1196,134,1,244,-177,2419,-683,36,34,137,-232,3042,-607,-139,19,87,-225,3246,-432,909,17,25,-259,1460,221,-396,5,14,-252,1436,227,611,36,-13,-260,-213,420,233,44,0,-255,-942,425,-35,20,13,-298,112,-150,-113,18,0,-233,821,79,9,32,-14,-274,22,46,-88,34,-24,-242,613,54,271,30,-13,-262,-1307,155,155,34,13,-267,-385,65,-24,30,10,-262,-183,28,43,33,17,-257,-276,25,-1,23,19,-263,-40,-29,-47,13,37,-257,-54,44,2,19,40,-260,39,92,-47,24,34,-265,704,73,-92,18,22,-259,123,194,-155,27,2,-271,1032,3,-131,35,35,-277,1248,-54,-325,14,-97,-244,1308,-178,-310,-41,-74,-398,2071,23,-661,33,-57,-230,663,-10,-204,45,-81,-248,522,139,-449,TILT_L
4,-115,-238,975,76,-276,29,-133,-235,984,-118,-302,28,-141,-200,351,-55,-107,30,-149,-196,288,120,-74,42,-156,-209,2,25,116,34,-150,-205,-360,-14,112,32,-144,-217,-344,-102,213,22,-135,-220,-289,-56,294,23,-132,-221,-703,-60,267,30,-109,-239,-1179,-146,502,-6,-93,-235,-1181,-283,388,14,-65,-259,-1850,-135,620,0,-22,-244,-2466,-163,583,-28,36,-255,-2039,-46,220,-16,113,-262,-1453,-1,260,4,93,-244,-1349,188,174,-4,137,-252,-358,229,-36,1,127,-251,4,127,2,5,125,-245,171,49,82,4,119,-248,184,32,37,5,118,-252,202,1,38,0,115,-252,321,53,-10,2,113,-263,1446,-42,-101,17,55,-257,2891,-27,-370,3,-1,-255,2285,93,-182,14,-65,-253,1989,132,-372,-2,-77,-239,1987,130,-346,54,-137,-196,1491,159,-439,34,-167,-193,909,231,-624,34,-169,-191,204,398,-714,TILT_L
77,-163,-192,361,285,-303,78,-172,-183,255,96,-55,48,-179,-180,22,18,-59,66,-178,-186,-95,-34,94,65,-179,-185,-345,-134,104,51,-181,-186,-976,-230,418,49,-155,-192,-2047,-360,570,12,-95,-245,-2277,-553,976,20,-64,-230,-2671,-751,631,26,-11,-256,-2940,-679,848,-25,52,-238,-2148,-121,671,-11,95,-299,-1307,-94,484,-23,94,-210,-1116,239,-190,-15,133,-248,-1185,351,-47,-22,156,-245,76,261,-79,2,143,-241,617,104,144,-9,113,-234,645,177,-27,-2,119,-242,142,151,54,1,115,-236,449,100,-82,4,110,-251,315,143,-36,-1,114,-245,1277,29,-423,2,32,-260,2526,-203,-508,17,-44,-243,4249,395,36,-29,-78,-259,1964,346,-484,21,-123,-232,860,326,-396,16,-117,-231,886,131,-354,33,-143,-223,427,-41,-153,34,-141,-211,13,-42,-32,30,-140,-196,24,25,-12,31,-143,-210,13,24,41,TILT_L
26,-152,-216,-90,7,-39,27,-149,-216,-232,-7,14,27,-142,-219,-433,-31,128,21,-130,-225,-864,-96,295,21,-127,-232,-1254,-68,547,7,-79,-250,-1508,-109,423,1,-25,-248,-3874,14,792,11,42,-268,-2731,-184,491,14,107,-236,-1874,-151,288,-3,122,-259,-157,-271,-84,-24,123,-249,37,35,31,-15,121,-238,114,204,62,3,144,-256,94,70,108,-43,81,-251,357,-188,-280,3,104,-256,268,-148,-196,-2,98,-250,-62,28,84,-23,103,-253,98,-21,-135,7,109,-245,148,-59,-93,-18,97,-258,111,66,75,3,93,-242,530,61,-156,-12,90,-256,1334,105,-292,2,36,-277,3018,90,-645,-2,-40,-254,2746,169,-431,22,-100,-218,1967,116,-608,3,-124,-227,821,237,-500,15,-148,-216,1129,126,-349,33,-159,-215,613,35,-344,31,-151,-193,431,-11,-275,39,-171,-191,-55,10,-82,34,-159,-198,-72,-39,87,TILT_L
41,-157,-192,-143,17,164,44,-163,-198,-210,-5,221,21,-165,-202,-464,43,125,19,-150,-219,-1038,-105,458,21,-126,-217,-1636,-48,443,31,-93,-210,-2055,-251,913,44,-50,-262,-2334,-166,1106,-2,36,-241,-3319,60,679,-21,64,-252,-2200,-30,321,-10,129,-253,-1244,76,7,-8,138,-255,-233,144,126,-3,133,-244,45,80,174,6,125,-233,-236,136,32,3,141,-240,-155,37,49,7,138,-237,-37,17,90,3,136,-240,-16,36,29,16,136,-234,-35,7,8,3,133,-240,8,24,11,14,138,-247,226,6,-33,7,132,-244,406,-13,51,7,120,-245,725,-6,-79,-4,118,-248,1298,-47,-195,15,60,-257,2708,-196,-391,-12,3,-234,3058,-94,-328,31,-55,-240,2443,19,-491,25,-108,-230,1579,88,-576,20,-123,-225,1121,119,-532,6,-166,-203,823,100,-520,22,-164,-190,344,71,-178,39,-165,-200,-100,34,-114,TILT_L
37,-163,-196,19,-220,149,9,-166,-185,-58,-12,30,37,-163,-192,-129,-24,89,23,-165,-197,-219,-48,182,22,-175,-200,-695,-33,365,15,-156,-217,-1541,-56,615,9,-110,-228,-2063,-57,528,12,-51,-206,-2622,49,455,-17,-14,-268,-2388,22,398,3,48,-223,-3267,319,308,-7,120,-263,-1908,347,229,18,157,-243,-575,136,222,12,127,-257,180,92,61,27,134,-241,-40,77,85,19,125,-245,115,-37,38,19,125,-239,-38,-62,80,18,123,-236,-72,-28,13,9,129,-242,-20,-3,54,19,125,-236,16,0,0,13,130,-241,281,-44,-94,17,120,-255,620,-169,-52,16,104,-247,1010,-179,-91,-2,88,-259,2451,-292,-375,-9,7,-256,4617,-358,-514,-28,-32,-229,2546,-86,-572,-35,-136,-221,1148,142,-681,13,-128,-224,739,117,-501,2,-138,-210,705,87,-276,17,-145,-213,442,166,-405,22,-164,-203,325,86,-264,TILT_L
21,-171,-198,83,73,-117,37,-172,-191,-85,-11,-39,42,-170,-190,-145,0,20,38,-167,-199,-82,-16,75,44,-167,-198,-301,-30,177,31,-167,-195,-499,-47,314,10,-159,-223,-900,-187,508,-9,-137,-216,-1725,-154,593,9,-105,-206,-2897,-65,888,10,-21,-210,-4116,199,938,-8,106,-268,-2562,123,530,29,125,-281,-645,-83,271,0,115,-258,88,-66,88,-8,113,-266,3,-12,94,-11,111,-235,-34,16,3,-8,106,-256,121,29,201,-6,102,-246,114,73,-15,-15,95,-255,216,7,27,9,89,-250,-33,135,-78,0,108,-244,223,118,-403,13,80,-254,421,47,-197,36,88,-257,854,-71,-118,-18,53,-276,1649,16,-441,1,24,-259,2423,93,-389,26,-62,-242,2623,5,-551,38,-104,-216,1996,132,-740,7,-155,-223,593,378,-725,37,-146,-226,831,28,-218,14,-166,-199,440,91,-149,44,-156,-208,66,44,-184,TILT_L
35,-156,-204,75,0,20,33,-160,-192,8,12,45,43,-166,-202,-41,-25,103,34,-165,-208,-136,-61,87,34,-165,-204,-313,-144,239,-5,-159,-225,-628,-359,471,-6,-143,-205,-2102,-172,706,-8,-93,-241,-2076,-204,628,-10,-48,-221,-2925,113,958,-29,47,-251,-2426,154,752,-13,78,-265,-2090,160,242,1,119,-256,-807,116,98,1,110,-256,-243,165,-9,1,118,-243,-602,289,-46,8,132,-251,-172,149,-41,18,130,-246,153,-17,68,19,123,-247,108,5,21,3,119,-239,59,-5,-20,5,118,-244,85,1,-32,11,116,-248,122,-4,-14,15,118,-245,104,-2,-14,9,114,-249,282,-33,-35,0,108,-255,748,-81,-41,5,86,-262,1821,-176,-196,-2,48,-253,2802,-324,-241,12,-50,-254,2425,-180,-379,-10,-99,-238,1901,131,-1035,1,-120,-218,1413,272,-736,16,-137,-226,809,217,-558,32,-149,-208,709,42,-359,TILT_L
23,-154,-195,406,65,-374,26,-160,-199,115,127,-238,51,-164,-193,-47,30,-11,38,-167,-199,-122,-20,17,47,-160,-193,-256,39,0,48,-157,-200,-115,-13,102,53,-163,-201,-148,-123,258,44,-167,-210,-397,-293,523,12,-158,-209,-2046,-313,719,26,-86,-214,-2267,-103,828,-25,-67,-237,-2855,189,519,-8,25,-225,-3877,215,309,24,112,-273,-2043,141,60,13,131,-249,-581,29,52,21,117,-240,-211,112,189,12,113,-257,-144,113,25,16,125,-246,-157,-11,20,7,126,-258,35,-43,26,14,120,-235,91,7,90,12,113,-251,-14,45,67,16,121,-243,-12,2,11,11,117,-243,86,4,24,9,115,-245,-39,73,9,14,118,-251,181,23,-37,18,113,-256,886,2,-253,1,76,-263,1979,134,-247,-7,28,-278,3686,-30,-368,33,-60,-283,3564,250,-819,-6,-97,-206,3865,-207,170,-22,-205,-157,629,295,-700,TILT_L
47,-159,-185,-341,393,-715,64,-163,-188,515,-163,195,23,-192,-178,-114,-12,-52,50,-171,-186,-127,-35,-43,37,-183,-181,-60,-69,49,46,-179,-186,-149,-62,82,41,-181,-190,-323,-149,223,29,-174,-189,-863,-146,326,21,-152,-189,-1246,-169,360,20,-133,-204,-1824,-190,622,-10,-100,-209,-2122,-17,371,1,-25,-245,-3934,37,479,11,83,-229,-3641,-42,487,-5,129,-292,-1303,-112,99,-9,122,-256,-418,-81,-14,-1,122,-257,-37,41,134,2,120,-244,-232,-4,22,2,130,-249,-61,9,92,9,130,-246,-56,-3,74,2,125,-245,28,-8,19,5,123,-241,7,-5,35,-1,118,-241,26,1,31,1,125,-242,109,11,28,0,121,-247,279,-37,22,0,113,-246,389,6,-7,-9,108,-264,1096,-70,-23,-7,76,-254,2119,-186,-146,0,8,-271,3946,-342,-321,24,-24,-226,3190,-104,-747,-65,-140,-201,1138,186,-911,TILT_L
